,Chill Garden Inn,Morriot,Royal Lotus,Corlton,Independant,Ibas,Navatel,Ardisson,Marcure,Safitel,Boss Western,J.Halliday Inn,8 Premium,Tripletree,CourtYord,Quadrupletree
0,0.10551231744858919,0.07047815861145197,0.07237531620579356,0.10203711939559919,0.03511480800481245,0.02946761419723706,0.042674886804077175,0.05679733187450395,0.07095490485080991,0.10385196289679195,0.04380146145003845,0.05382846859712953,0.02783415976424326,0.054882586273760525,0.057706858051721655,0.07268204557344017
