,Morriott International,Chillton Worldwide,Independant,Accar Hotels,Yin Yang,Boss Western
0,0.22058967931226076,0.21410628213360045,0.09678830655989891,0.18653687446256936,0.14811786115599543,0.13386099637567506
